sentiment,response
0,"It sounds like you're having a tough time. I'm here to help."
0,"I'm really sorry you're feeling this way. How can I assist you?"
0,"I'm here for you. Let's talk about what's troubling you."
0,"It seems like you're going through a rough patch. What can I do to support you?"
0,"Feeling down can be tough. I'm here to listen and help."
0,"It's okay to feel this way. Let's figure out how I can help you."
0,"You don’t have to face this alone. I’m here for you."
0,"I’m here to listen. Let me know what’s on your mind."
1,"It sounds like you're struggling a bit. How can I help?"
1,"I'm sorry to hear you're feeling this way. Let me know how I can support you."
1,"I'm here for you. Is there anything specific you want to talk about?"
1,"It seems like you're having a difficult day. What can we do to make it better?"
1,"I'm here to help. Feel free to share more about what's bothering you."
1,"It’s tough when things aren’t going well. Let’s see how I can assist."
1,"I'm here to support you through this. How can I help?"
1,"Let me know if there's something specific on your mind. I'm here to help."
2,"It seems like you're in a neutral mood. Is there something you want to discuss?"
2,"You seem to be doing okay. How can I assist you today?"
2,"If you have anything you want to talk about, I'm here to listen."
2,"What would you like to chat about today? I'm here to help with anything."
2,"Let's talk about something you’re interested in. How can I assist you?"
2,"It’s okay to feel neutral. If you need anything, I’m here to help."
2,"If there’s something you want to discuss or ask about, feel free to let me know."
2,"You seem calm today. How can I make your experience better?"
3,"It’s great to hear you're doing well! How can I assist you further?"
3,"I'm glad to hear you're in a good mood! Is there anything I can help with?"
3,"It's good to know you're feeling positive. How can I support you today?"
3,"Happy to hear you're having a good day! Let me know if you need anything."
3,"It's wonderful to hear you're in a great mood. How can I assist you?"
3,"I'm here to help with anything you need. What’s on your mind today?"
3,"It's great to see you're feeling positive. How can I be of service?"
3,"I'm glad you're doing well. How can I help you today?"
4,"Fantastic to hear you're feeling great! How can I assist you further?"
4,"I'm thrilled you're doing so well! Is there anything specific you need help with?"
4,"It's wonderful to hear you're in a great mood! Let me know if there's anything I can do."
4,"I'm delighted you're feeling positive! How can I support you today?"
4,"It’s amazing to hear you’re feeling great! What can I help with today?"
4,"I'm so glad you're doing well! If there's anything you need, just let me know."
4,"It’s fantastic to hear you’re in such high spirits! How can I assist you?"
4,"I'm overjoyed to hear you're feeling great! If you need anything, feel free to ask."
